﻿<?xml version="1.0" encoding="utf-8"?>
<HelpTOC>

  <HelpTOCNode Id="1c42bb77-0f6d-4886-8de1-f594f99e4f5b" Title="Rafy框架" Url="html/69b641cf-d1fe-4f06-877f-b479d268a3fc.htm">
    <HelpTOCNode Id="545672da-4440-409c-83bd-93e6046581b3" Title="领域实体框架" Url="html/c8e6cd25-c674-4cd1-9880-816d11f58eb8.htm">
      <HelpTOCNode Title="安装" Url="html/61dd4914-8d8b-4488-857c-f83b553137d8.htm" />
      <HelpTOCNode Id="d84e5286-36b0-4ae3-a0f0-5ef672491655" Title="快速试用" Url="html/dda8ce30-3c9c-48c6-b162-2c447bf9112e.htm">
        <HelpTOCNode Title="创建第一个程序" Url="html/fdbb7d56-393e-4e0b-b69f-995a50f513eb.htm" />
        <HelpTOCNode Title="如何：连接到 Sql Server 数据库" Url="html/e62ba2ed-ba69-46d8-8f23-6111c25215f0.htm" />
      </HelpTOCNode>
      <HelpTOCNode Id="c17c4b8a-3c1e-4ff4-bc38-38e9288be8d0" Title="领域实体" Url="html/e9998e68-31e8-47d6-9e28-829aade5044e.htm">
        <HelpTOCNode Title="实体的状态" Url="html/1a5cb169-0f7c-479a-a854-88cd89478b1d.htm" />
        <HelpTOCNode Title="实体关系" Url="html/e0e55ab2-1e48-4acd-96ef-c889774bfecc.htm" />
        <HelpTOCNode Id="6e2aac23-e675-4ec3-b66b-f37925b56b08" Title="实体属性" Url="html/8c0065bc-f165-4c69-81f4-9c3c57bd9ab9.htm">
          <HelpTOCNode Title="一般属性" Url="html/3ad175ff-a917-4e84-931f-f845285187ed.htm" />
          <HelpTOCNode Title="引用属性" Url="html/bae4aeb4-e6a9-4d1f-9bbd-1a4199303ba5.htm" />
          <HelpTOCNode Title="组合子属性" Url="html/770d700d-acf8-40fd-abc2-a580725a14fb.htm" />
          <HelpTOCNode Title="冗余属性" Url="html/0eaa08ea-b1fc-42c6-8d48-2ed176b945c1.htm" />
          <HelpTOCNode Title="大数据属性" Url="html/8120fc14-ef61-43cd-99a5-21c6edd5d38b.htm" />
          <HelpTOCNode Title="只读属性" Url="html/711304c2-d2a3-4ec9-abd8-00edd86fb3ca.htm" />
        </HelpTOCNode>
        <HelpTOCNode Title="领域实体关系图" Url="html/640ac9bb-0090-4b38-9763-bad4fca3adfb.htm" />
        <HelpTOCNode Title="树型实体" Url="html/6b1f358e-0590-4d63-8697-b0a80349c4b0.htm" />
      </HelpTOCNode>
      <HelpTOCNode Id="12b5aa31-a850-460f-b810-352c044ae877" Title="实体仓库" Url="html/6b377084-3fc9-4bf6-94d7-bc9a42ed82a7.htm">
        <HelpTOCNode Title="实体的创建、删除、修改" Url="html/019647a4-5ae0-4a43-b529-6b2d7c70b46c.htm" />
        <HelpTOCNode Id="b4fbbb7f-c245-40f6-8022-b361857a3d75" Title="编写查询" Url="html/59c80aec-c910-4880-b165-c3495ed5eb3e.htm">
          <HelpTOCNode Title="Linq 查询" Url="html/c7c6d07b-bb41-4590-a2a6-8b0b49ce1c0b.htm" />
          <HelpTOCNode Title="SqlTree 查询" Url="html/6d65448c-b51b-4c9b-9500-f6b7a48b1188.htm" />
          <HelpTOCNode Title="通用查询条件(CommonQueryCriteria)" Url="html/02f40bcc-1ff3-4abc-b4a9-2dea57d516ce.htm" />
          <HelpTOCNode Title="Sql 查询" Url="html/c2eced2c-e434-4d53-a06d-fbc518fbddf5.htm" />
          <HelpTOCNode Title="分页查询" Url="html/ae9a2512-1528-401a-ac4f-502304a7ae03.htm" />
          <HelpTOCNode Title="贪婪加载" Url="html/3e3ee502-ecbb-417d-8fbf-fa24ec21e2bc.htm" />
          <HelpTOCNode Title="数据行数查询" Url="html/56b9e7bc-2656-4bde-95dd-69e71aeafc6a.htm" />
          <HelpTOCNode Title="表格查询" Url="html/55180b16-9fda-42a1-8c4f-27d037aeae76.htm" />
        </HelpTOCNode>
        <HelpTOCNode Title="大批量导入实体" Url="html/c70274b4-8afc-4bd4-82d9-6e43ae7562ee.htm" />
        <HelpTOCNode Title="仓库数据层（RepositoryDataProvider）" Url="html/6928689f-c384-4ce0-9969-b3570fedf996.htm" />
      </HelpTOCNode>
      <HelpTOCNode Id="ec221b85-7cb7-4014-b727-3b1a22d3ac51" Title="领域逻辑" Url="html/793cbe04-7265-4de9-a7d7-fb890aebc525.htm">
        <HelpTOCNode Title="领域控制器" Url="html/de820b7a-0bf7-498b-89b6-3f80cf29de40.htm" />
        <HelpTOCNode Title="单连接事务" Url="html/acc34fac-b431-4db9-a86b-83f40c812b97.htm" />
        <HelpTOCNode Title="执行SQL或存储过程" Url="html/21a4d8a5-c34d-4725-adfe-ed5f95b22977.htm" />
        <HelpTOCNode Title="领域服务" Url="html/d7551c01-4f62-4e6b-8fd7-4de371df6bdf.htm" />
      </HelpTOCNode>
      <HelpTOCNode Id="6fdb7781-36f5-49c9-916f-da9d302014c2" Title="对象关系映射" Url="html/0f6e3552-029f-4a32-9655-e4b6fb22edcc.htm">
        <HelpTOCNode Title="配置映射" Url="html/eba03db2-2a71-4499-9dcd-99e0c37fe10e.htm" />
        <HelpTOCNode Title="继承映射" Url="html/8b3a3b78-9e6a-4558-938d-7692ae6aaa8f.htm" />
        <HelpTOCNode Title="SQL 语句日志" Url="html/12520633-1fbf-45dc-aca8-c4089b5c90e0.htm" />
        <HelpTOCNode Title="数据库同步功能" Url="html/b40cd779-ec8a-469d-82f5-bd99128561c4.htm" />
        <HelpTOCNode Title="为数据库生成注释" Url="html/99366b1b-7583-4c95-9f78-3178b0bd50f9.htm" />
        <HelpTOCNode Title="多数据库支持" Url="html/ef53c777-dd02-4a01-98c9-7dcc49489cec.htm" />
        <HelpTOCNode Title="多数据源切换" Url="html/1d3cd55d-9f80-4a63-812b-fc17851b3ab0.htm" />
      </HelpTOCNode>
      <HelpTOCNode Id="9622deeb-dde5-4792-85e1-e2d55ceb15f4" Title="部署" Url="html/f55333b8-3524-4a07-99bc-6a1cdb6be6b4.htm">
        <HelpTOCNode Title="分布式部署" Url="html/41ea1cf8-1763-4b6e-a019-6dc707089e6a.htm" />
      </HelpTOCNode>
      <HelpTOCNode Id="72302422-5f5d-4b3d-8afe-b371c798c37f" Title="插件级扩展" Url="html/6299ee13-40f8-41c7-b3d4-ed2542f00cc1.htm">
        <HelpTOCNode Title="实体属性扩展" Url="html/5a705045-b57e-46ab-be03-18183495d690.htm" />
        <HelpTOCNode Title="实体配置扩展" Url="html/7fc0bd92-4063-4d8f-b9dc-8be2889f4a50.htm" />
        <HelpTOCNode Title="实体查询扩展（仓库扩展）" Url="html/42003d74-55c3-4eb9-8e9a-95ddb539e61a.htm" />
        <HelpTOCNode Title="实体保存逻辑扩展（仓库数据层）" Url="html/7e890df0-d93b-424d-8bc1-e6fc939160f3.htm" />
        <HelpTOCNode Title="领域逻辑扩展（领域控制器）" Url="html/be2a2e90-87f1-4390-aabb-b3ad82561cfa.htm" />
      </HelpTOCNode>
      <HelpTOCNode Title="实体缓存" Url="html/6f0cbfca-e254-4219-bda1-34039e617df4.htm" />
      <HelpTOCNode Id="5141b6e8-0539-491a-b89a-0ff05a31a555" Title="其它" Url="html/2599e4bb-d313-4b78-892d-654f3e9acba8.htm">
        <HelpTOCNode Title="代码段" Url="html/6b3e8163-8516-4065-91f5-194491334343.htm" />
        <HelpTOCNode Title="Rafy 与经典 DDD 的关系" Url="html/f4f5c2f5-638a-456a-9c8d-1e1854c63002.htm" />
        <HelpTOCNode Title="常见问题(FAQ)" Url="html/50a5c6a3-1336-4ec3-8c6d-fedb0b93cc37.htm" />
      </HelpTOCNode>
    </HelpTOCNode>
    <HelpTOCNode Id="b0d5b49a-f95f-4b6a-8782-432d958fb76f" Title="设计理念" Url="html/3ebafad8-73e3-431f-9e49-9a0d9b23c786.htm">
      <HelpTOCNode Title="领域驱动设计" Url="html/853673c9-7c40-4679-b139-a3e7e3cec8ef.htm" />
      <HelpTOCNode Title="面向服务架构" Url="html/e1014057-fd62-4810-8f1f-333d54564e91.htm" />
      <HelpTOCNode Title="插件化架构" Url="html/15c790a6-8f5e-44aa-b8c3-74a955004a1e.htm" />
      <HelpTOCNode Title="模型驱动架构" Url="html/813981b5-3631-4d47-84ee-314aed1346ff.htm" />
      <HelpTOCNode Title="产品线工程" Url="html/946c540b-acb0-4531-b99c-85756cb69d4e.htm" />
    </HelpTOCNode>
    <HelpTOCNode Id="b6e19995-8963-45a7-9036-f3d554b702c6" Title="快速界面生成" Url="html/789f6408-a67c-4122-9986-63d05a573910.htm">
      <HelpTOCNode Title="WPF 界面" Url="html/3ef85916-d173-4752-be35-73190e0588be.htm" />
      <HelpTOCNode Title="Web 界面" Url="html/64894803-b4ea-4170-a6f5-9a8c304d560a.htm" />
    </HelpTOCNode>
    <HelpTOCNode Id="5bfc694a-7bc3-4783-ab49-b187b98bc407" Title="现有插件" Url="html/2a81b03d-24b4-4463-9e57-34cbaa105adf.htm">
      <HelpTOCNode Title="幽灵插件" Url="html/f662f88a-8221-49f4-bc38-901134ea893e.htm" />
      <HelpTOCNode Title="流水号插件" Url="html/1ce3c19a-3de6-4956-afd0-a7fc6e577768.htm" />
      <HelpTOCNode Title="时间戳插件" Url="html/e13240fe-3c80-47e1-9645-f154e8b72a83.htm" />
      <HelpTOCNode Title="帐户插件" Url="html/507d98b9-f88c-48bf-a12b-dded5e021340.htm" />
      <HelpTOCNode Title="RBAC 插件" Url="html/c4919121-bad5-4b1d-b3c2-6a889590af53.htm" />
      <HelpTOCNode Title="多国语言插件" Url="html/5554eab4-a79f-473c-ac64-d028e7e39145.htm" />
      <HelpTOCNode Title="附件插件" Url="html/064b28a9-25ac-49f1-a964-56bbea3fac89.htm" />
      <HelpTOCNode Title="大批量导入实体插件" Url="html/87a44564-2ce0-4065-8174-ce612bc1583b.htm" />
      <HelpTOCNode Title="文件存储插件" Url="html/d862044a-9278-47cc-857e-3ccbdd3d3ed6.htm" />
    </HelpTOCNode>
  </HelpTOCNode>
</HelpTOC>
