﻿<?xml version="1.0" encoding="utf-8"?><HelpTOCNode Title="现有插件" Url="html/2a81b03d-24b4-4463-9e57-34cbaa105adf.htm"><HelpTOCNode Title="幽灵插件" Url="html/f662f88a-8221-49f4-bc38-901134ea893e.htm" /><HelpTOCNode Title="流水号插件" Url="html/1ce3c19a-3de6-4956-afd0-a7fc6e577768.htm" /><HelpTOCNode Title="时间戳插件" Url="html/e13240fe-3c80-47e1-9645-f154e8b72a83.htm" /><HelpTOCNode Title="帐户插件" Url="html/507d98b9-f88c-48bf-a12b-dded5e021340.htm" /><HelpTOCNode Title="RBAC 插件" Url="html/c4919121-bad5-4b1d-b3c2-6a889590af53.htm" /><HelpTOCNode Title="多国语言插件" Url="html/5554eab4-a79f-473c-ac64-d028e7e39145.htm" /><HelpTOCNode Title="附件插件" Url="html/064b28a9-25ac-49f1-a964-56bbea3fac89.htm" /><HelpTOCNode Title="大批量导入实体插件" Url="html/87a44564-2ce0-4065-8174-ce612bc1583b.htm" /><HelpTOCNode Title="文件存储插件" Url="html/d862044a-9278-47cc-857e-3ccbdd3d3ed6.htm" /></HelpTOCNode>