﻿<?xml version="1.0" encoding="utf-8"?><HelpTOCNode Title="编写查询" Url="html/59c80aec-c910-4880-b165-c3495ed5eb3e.htm"><HelpTOCNode Title="Linq 查询" Url="html/c7c6d07b-bb41-4590-a2a6-8b0b49ce1c0b.htm" /><HelpTOCNode Title="SqlTree 查询" Url="html/6d65448c-b51b-4c9b-9500-f6b7a48b1188.htm" /><HelpTOCNode Title="通用查询条件(CommonQueryCriteria)" Url="html/02f40bcc-1ff3-4abc-b4a9-2dea57d516ce.htm" /><HelpTOCNode Title="Sql 查询" Url="html/c2eced2c-e434-4d53-a06d-fbc518fbddf5.htm" /><HelpTOCNode Title="分页查询" Url="html/ae9a2512-1528-401a-ac4f-502304a7ae03.htm" /><HelpTOCNode Title="贪婪加载" Url="html/3e3ee502-ecbb-417d-8fbf-fa24ec21e2bc.htm" /><HelpTOCNode Title="数据行数查询" Url="html/56b9e7bc-2656-4bde-95dd-69e71aeafc6a.htm" /><HelpTOCNode Title="表格查询" Url="html/55180b16-9fda-42a1-8c4f-27d037aeae76.htm" /></HelpTOCNode>