﻿<?xml version="1.0" encoding="utf-8"?><HelpTOCNode Title="领域实体框架" Url="html/c8e6cd25-c674-4cd1-9880-816d11f58eb8.htm"><HelpTOCNode Title="安装" Url="html/61dd4914-8d8b-4488-857c-f83b553137d8.htm" /><HelpTOCNode Title="快速试用" Url="html/dda8ce30-3c9c-48c6-b162-2c447bf9112e.htm" HasChildren="true" /><HelpTOCNode Title="领域实体" Url="html/e9998e68-31e8-47d6-9e28-829aade5044e.htm" HasChildren="true" /><HelpTOCNode Title="实体仓库" Url="html/6b377084-3fc9-4bf6-94d7-bc9a42ed82a7.htm" HasChildren="true" /><HelpTOCNode Title="领域逻辑" Url="html/793cbe04-7265-4de9-a7d7-fb890aebc525.htm" HasChildren="true" /><HelpTOCNode Title="对象关系映射" Url="html/0f6e3552-029f-4a32-9655-e4b6fb22edcc.htm" HasChildren="true" /><HelpTOCNode Title="部署" Url="html/f55333b8-3524-4a07-99bc-6a1cdb6be6b4.htm" HasChildren="true" /><HelpTOCNode Title="插件级扩展" Url="html/6299ee13-40f8-41c7-b3d4-ed2542f00cc1.htm" HasChildren="true" /><HelpTOCNode Title="实体缓存" Url="html/6f0cbfca-e254-4219-bda1-34039e617df4.htm" /><HelpTOCNode Title="其它" Url="html/2599e4bb-d313-4b78-892d-654f3e9acba8.htm" HasChildren="true" /></HelpTOCNode>