{"要查询的实体的表":[6291458],"要对属性的获取或设置逻辑进行扩展":[5505025],"要使用扩展属性来查询":[1376257],"要打开数据库同步功能":[3407873],"要获取任意一个实体":[2097153],"要在多种数据库间切换":[5111809],"要查看或创建领域实体关系图":[1769473],"要使用":[5111810],"要支持远程调用":[3866625],"要打开这个功能":[262145],"要支持数据库表":[3407873],"要求对聚合中的子实体的访问":[4456449],"要支持分布式部署":[983041],"要执行删除操作":[3407873],"要为所有子类的查询都添加分辨类型字段的过滤":[3604481],"要改变父子关系":[3670017],"要加载到主程序中":[6225921]}