{"表示定义的流水号生成规则信息":[5898241],"表中有三个字段":[4063233],"表结构":[3604482],"表示一个车轮的集合":[2228225],"表格格式化的":[6094849],"表示是否需要保存所有数据库升级的历史记录":[3407873],"表示一种必须存在的引用关系":[3670017],"表格查询":[1507329],"表格中的属性":[3080193],"表单使用以下布局":[3080193],"表达式进行查询":[6291457],"表示一种弱引用关系":[3670017],"表示属性匹配的方式":[393217],"表示这个关系的属性":[5308417],"表中的每一行都会转换为一个":[5832705],"表格数据查询":[6291457]}