{"例如这里是在":[4390913],"例如可以添加一个":[5308417],"例如可以使用新的服务来替换旧的服务":[3866625],"例如以下代码":[4325377],"例如分层架构":[4915201],"例如查询某个节点下的所有子节点":[1900545],"例如一级节点编码为":[1900545],"例如图中":[5308417],"例如使用编码":[1638401],"例如上面":[3866625],"例如以下代码把":[5111809],"例如车和车轮":[2228225],"例如某个字段存储的是一张图片":[2621441],"例如使用":[5963777]}