{"还能更好地使用面向对象的特性来提供服务的可扩展性":[3866625],"还可以使用本文将介绍的贪婪加载方法":[851969],"还是本地调用":[3866625],"还可以对单一属性如何映射到数据库做单独的配置":[4325377],"还可以给出":[6291457],"还可以直接传入":[5832705],"还需要同时关系聚合":[4456449],"还额外定义了几个冗余的属性":[5963777],"还是服务端来执行此方法":[6094849],"还需要在数据库生成完成后":[3997697],"还会额外有":[5963777],"还要求某一类实体的集合定义一个单独的实体集合类型":[4456449],"还是在服务端":[6094849],"还需要对结果集中所有数据的总行数进行统计":[3538945]}