{"在整个系统中只有唯一一个运行时对象":[2097153],"在领域实体插件项目中添加新项":[1769473],"在开发过程中":[4915201,5308417],"在弹出的":[4390913,5177346],"在仓库中编写的查询时":[851969],"在实体中添加":[4915201],"在主函数中":[5177345],"在仓库中编写查询":[6094849],"在必要时":[4915201],"在插件化架构的基础上":[3145729],"在存储数据库中后":[1048577],"在面向服务架构思想的指导下":[3866625],"在生成":[4521985],"在组合父实体类型中声明一个组合子属性":[2228225],"在自动维护状态的基础上":[5963777],"在保存根实体时":[458753],"在进行实体查询时":[3538945],"在领域模型的设计中":[2228225,3670017],"在此类程序中可使用":[4915201],"在该方法中":[6225921],"在基类中重写此属性":[2097153],"在开发数据库应用程序时":[196609],"在结构设计上支持各种数据库":[5111809],"在使用本插件的同时":[3997697],"在应用程序配置文件中":[983041],"在生成的代码中录入类型为":[5177345],"在每个":[6356993],"在使用这些实体时":[851969],"在解决方案浏览器中把想要显示的实体类直接拖到关系图中":[1769473],"在框架内部都是使用仓库来进行数据查询":[4653057],"在设计上并不是固定的":[5308417],"在使用一般的":[4456449],"在实体关系的设计上":[5308417],"在分布式环境中应用都是群集部署":[6356993],"在开发各类数据库应用系统时":[4128769,4849665,5898241],"在传递给":[5832705],"在获取属性的值时":[2228225,3670017],"在对实体的编写查询时":[5832705],"在领域实体项目上点击右键":[3014657],"在查询实体时":[4849665],"在数据层实现中":[6094849],"在子类中分别为该属性设置不同的默认值":[3604481],"在经典领域驱动设计中":[1507329],"在启用实体的幽灵功能后":[4849665],"在此窗口中":[5177346],"在线程上下文的作用域内":[720897],"在查询一个或一组实体的同时":[851969],"在应用程序运行时启动时":[3407873],"在继续使用领域实体会非常的不方便":[1507329],"在一个":[6356993],"在运行时":[2490369],"在查询时":[393217,4849665],"在映射数据库时":[3670017],"在各层中":[3080193],"在调用查询方法完成后":[3538945],"在低启动级别的插件中":[3866625],"在进行分页时":[3538945],"在这些基础概念之上":[4456449],"在分布式传输时":[5505025],"在框架底层":[6291457],"在解决方案中右键":[5177345],"在当前生命周期内可以直接从缓存中读取数据项":[6356993],"在使用":[3670017,3997697,4456449,4849665,5832705,6029313],"在数据库中进行分页":[3538945],"在实体中添加一般属性":[5177345],"在对实体的数据进行序列化时":[4915201],"在安装扩展包完成后":[5570561],"在查询数据时":[3538945],"在实体设计中提供不同的功能":[5505025],"在批量导入时":[3997697],"在当前上下文中原仓储的数据源都会切换为新的数据源":[720897],"在客户化插件中":[5636097],"在应用开发过程中":[393217],"在通过实体仓库的":[5963777],"在打开的":[5177345],"在这种情况下":[1507329],"在使用前":[4521986],"在开发过程中会根据不断对业务逻辑理解的加深":[4456449],"在数据表中映射列名为":[2490369],"在数据库中存储这个文件相关的信息到一个统一的表中":[4128769],"在弹出窗口中点击确定即可":[2424833],"在为数据库生成注释之前":[3014657],"在修改其至少一个属性后":[458753],"在这个区域块中":[5177345],"在实体配置中加入此行代码":[4849665],"在服务的执行逻辑代码中":[3342337],"在整个系统运行时只会存在一个仓库的实例":[2097153],"在该类声明的代码块中":[3342337],"在保存实体时":[4849665],"在项目中添加项":[4390913],"在运行时启动时":[6225921],"在代码中编写了完整的类型注释和属性注释":[3014657]}