{"而不使用反射来调用":[5505025],"而是需要永久保留这些历史数据":[4849665],"而这些元数据的配置":[3080193],"而框架帮助处理领域实体与数据库间的交互":[4456449],"而使用渐近式开发模式后":[3407873],"而是希望通过":[1966081],"而是直接编写新插件来扩展该组件即可":[4915201],"而是由仓库的调用者直接使用":[393217],"而很可能是针对系统中的所有表都需要实现":[4849665],"而不是技术问题":[4915201],"而服务对象的属性只是为了传递服务的输入和输出":[3866625],"而没有":[1507329],"而框架会自动完成对冗余属性的赋值":[196609],"而由框架自动同步":[4915201],"而是转而使用一套中间":[6291457],"而非使用":[6094849],"而不能写其它的逻辑":[5505025],"而是更关注于富领域模型":[4915201],"而是只生成差异部分":[2424833],"而小类下还可以有更小的类别":[1900545],"而使用":[4456449],"而是应该使用一般性的表格查询":[1507329],"而是把聚合转换为由组合和引用构成的":[5308417],"而不需要关心数据库结构的变化":[4915201],"而具体是执行":[5963777],"而不会影响其它数据":[3407873],"而是由仓库类来担当它的职责":[4456449],"而且建议使用":[3604481],"而是把文件存储在本地文件夹":[4128769],"而在仓库中编写的查询方法":[4456449],"而直接使用":[1966081],"而直接使用中间跳过的这些值作为实体的":[3997697],"而每一个插件程序集":[6225921],"而开发者则更熟悉使用":[6291457],"而每一个属性匹配组也可以通过":[393217],"而导致保存失败":[5963777],"而言更加简单":[1507329],"而不会删除历史表及数据":[3407873],"而不需要逐个地写出每个属性":[4456449],"而删除数据的实现则和":[3997697],"而每个插件程序集中":[6225921],"而clr":[5505025],"而是使用内置的属性管理方式":[4915201],"而是把业务逻辑都写到领域服务中":[4456449],"而不会传输实体中默认的空数据":[4915201],"而与经典":[4456449],"而组合子实体较多时":[458753],"而且还有关系":[2818049],"而不需要修改主干程序集的代码":[3145729],"而设置":[3670017],"而与重写设置前事件不同的地方在于":[1048577],"而决定底层需要执行的查询的类型":[6094849],"而无需要修改当前插件的源码":[4915201],"而不需要修改旧的服务调用代码":[3866625],"而树子节点还可以继续包含更多的树子节点":[1900545],"而开发人员自定义的实体查询方法":[4456449],"而且性能上也需要消耗对":[6291457],"而是随着对需求的理解越来越深刻":[3407873],"而只是把数据标识为":[4849665]}