{"但是和经典领域驱动设计不尽相同":[1245185],"但是其内部实现机制是一条一条的保存到数据库":[3997697],"但是对于汽车生产企业来说":[5308417],"但是面向对象的特性之一是支持继承":[3604481],"但是负面效果则是使用仓库保存单一实体时":[3997697],"但是过多地使用懒加载会造成":[851969],"但是返回的数据只做只读查看":[6094849],"但是这样就很难保证开发者编写的":[6291457],"但是它在框架中起到非常重要的作用":[2752513,4390913],"但是只支持以下类型属性类型":[1048577],"但是使用":[393217],"但是每个领域实体仓库":[5111809],"但每一次服务的调用都需要构造新的服务对象":[3866625],"但大家可以通过简单的扩展就让":[6356993],"但是如果领域是车辆制造管理":[2228225],"但是在":[3997697],"但是它只是简单地把数据快速地导入数据库中":[3997697],"但是通过属性的获取方法":[1048577],"但是根据大量的实践经验":[458753],"但是不能在数据库中真正的把它们删除":[4849665],"但是这两种关系":[5308417],"但是如果使用了多个连接":[3342337],"但是不作强行要求":[1638401],"但是框架还额外提供了属性的获取逻辑委托":[1048577]}