{"不能被随意设置":[1900545],"不但无法得到编译时的语法支持":[6291457],"不是所有的虚方法都会被拦截":[6094849],"不再是连续的":[3997697],"不可空引用属性":[3670017],"不但获取到了实体的列表":[3538945],"不但可以给出具体的":[6291457],"不支持修改":[6094849],"不如直接使用更直接的":[6291457],"不能直接设置冗余属性值":[196609],"不直接通过设置这个属性来组合父对象":[3670017],"不需要给出":[6291457],"不支持查询出一个父类的实体列表":[3604481],"不但支持一次性生成完整的数据库":[3407873],"不会进行序列化操作":[5505025],"不可用的数据":[4849665],"不需要同时加载文章内容字段":[2621441],"不支持":[3604481,4456449],"不映射数据表中的列":[2490369],"不设置为抽象类":[3604481],"不论在客户端":[6094849],"不论是一般引用属性还是组合父引用属性":[3670017],"不到使用时是不会加载到内存中的":[4128769],"不支持跨数据库类型切换例如":[720897],"不够还可以自己扩展":[6356993],"不同的地方在于":[1966081],"不可空引用":[5308417],"不支持对抽象父类的查询":[3604481],"不需要弃用该组件":[4915201],"不但可以保证服务与服务间的相互独立":[3866625],"不需要进行反射操作":[5505025],"不要存放过大的数据":[6356993],"不建议使用存储过程":[4456449],"不同点在于新的":[1376257],"不支持工厂":[4456449]}