{"中也称之为组合":[4456449],"中可以通过":[393217],"中组合其实就是":[4456449],"中的实体":[4456449,5963777],"中的聚合实体":[5308417],"中的开发架构采用了洋葱架构思想":[2818049],"中提供了两个代码段":[6291457],"中的组合也有相同的逻辑":[4456449],"中是使用":[3997697],"中的聚合概念":[4456449],"中常用的几种关系":[5308417],"中的批量导入机制来把大量数据一次性导入到数据库中":[3997697],"中要使用批量导入功能":[3997697],"中的领域模型":[2818050],"中只支持以上的最常用的":[4456449],"中的字符串格式来表达":[1966081],"中原生的批量导入功能":[3997697],"中自带的":[6291457],"中则是使用每个表对应的":[3997697],"中为分布设计的一个类型":[4521985],"中的对象节点":[6291457],"中添加需要的插件":[3801089],"中编写查询是基本一致的":[1376257],"中的服务与经典":[3866625],"中也提供了不通过仓库对象":[1966081],"中与实际开发结合紧密的重要概念":[4915201],"中的条件生成对应的":[393217],"中查询相关实体的模型图":[2818049],"中最重要的概念":[4456449],"中指定需要使用到的插件程序集":[6225921],"中要求的跨聚合的业务逻辑":[4456449],"中的聚合关系":[2228225,5308417],"中的哪一个操作":[5963777],"中的真实代码":[6291457],"中的领域实体本身可直接用于分布式传输":[4915201],"中实体间存在的几种关系":[5308417],"中提供了":[1966081],"中代码段来辅助开发者生成上面的扩展属性代码":[6160385],"中打开扩展管理器":[5570561],"中的关系有引用关系和组合关系":[851969],"中的领域服务类似":[3866625],"中的实体对象":[1245185],"中添加该插件":[4128769,4849665,5898241],"中的分页查询设计":[3538945],"中实现的缓存组件":[6356993],"中的所有查询方法":[6291457],"中的组合实体":[5308417],"中的实体为聚合":[4456449],"中的组合关系":[2228225,5308417],"中查询出的表格中都有对应的列":[5832705],"中对组合的访问则不需要遵守这一点":[4456449],"中需要传入特定数据库的参数名":[1966081],"中提出":[4456449],"中的一些属性表示的":[3080193],"中则需要使用":[1376257],"中使用的是":[1376257],"中的示例插件配置":[6225921],"中的参数":[1966081],"中编写此类查询":[1376257],"中聚合规定":[4456449]}