{"如下面的格式":[5898241],"如果使用代码加载的方式":[6225921],"如果相比一个单独的名称":[1638401],"如果查询出多条实体":[6094849],"如果需要修改":[393217],"如下图":[3801089,4456449,5177345,5570561],"如果只是使用":[6029313],"如果需要分布式调用":[6094849],"如果继续通过仓库保存后":[5963777],"如果想要更加精确地控制最终生成的":[6291457],"如何编写树型实体":[1900546],"如图中的":[5308419],"如果需要在服务端执行":[6094849],"如果您期望继续使用":[4063233],"如附件":[4128769],"如果开发者使用手工编写的":[6291457],"如果开发者直接编写":[6291457],"如果系统启用用户和角色关联可以采用此插件":[3801089],"如果要使用其它缓存组件请参见下面的示例":[6356993],"如实体的数据库映射":[5439489],"如果设置的字符串长度大于":[1048577],"如果该实体是继承自某个特定实体":[4390913],"如果在":[3997697],"如果组合关系对应的外键在元数据配置时":[458753],"如查询所有实体":[4456449],"如果是组合根实体":[4390913],"如果你使用的是":[5177345],"如果去调整":[3997697],"如果是":[6225923],"如果是监听应用程序所有的":[262145],"如果需要查找某个角色下的所有用户":[5308417],"如果界面绑定了这个只读属性":[6029313],"如以下代码":[4653058],"如果父实体消亡时":[5308417],"如何使用自动编码":[1900546],"如果名称的长度大于":[1048577],"如果期望使用其它形式的自动编码":[1900545],"如果实体还没有加载":[3670017],"如果设置的值是空字符串":[1048577],"如果把一个实体从实体列表中移除后":[458753],"如产品插件":[5439489],"如果期望更细粒度地控制数据库同步功能":[3407873],"如果有组合关系的实体":[3276801],"如果要定制":[983041],"如果需要连接到指定的":[5111809],"如果找不到":[1638401],"如果要删除一个聚合实体":[4849665],"如果把该属性设置为大数据属性时":[2621441],"如果准备导入":[3997697],"如果使用中觉得缩写不方便":[2097153],"如果该实体有":[1638401],"如何使用":[851969,1376258],"如果没有":[1638401],"如果该查询需要支持贪婪加载":[851969],"如果该类型是值类型":[1048577],"如客户化插件":[5439489],"如界面生成等高级功能":[1835009],"如果设置了这个属性值为":[1048577],"如果该实体不是一个组合根实体":[4390913],"如果角色还被某个用户使用时":[5308417],"如界面生成框架等高级功能":[4915201],"如果切换新的数据库需要设置":[720897],"如果不想使用文件记录日志":[262145],"如果实体集合还没有加载":[2228225],"如何编写代码来表示组合关系":[5308417]}