{"用于显示当前页号":[3538945],"用户根据自己的实际场景自行下载相应的插件":[3801089],"用于获取":[5505025],"用于存放所有实体类":[5177345],"用于在仓库类中生成一个用于精确匹配每一个属性的查询方法":[2424833],"用于编写实体的大对象属性":[2424833],"用于声明单连接事务代码块":[3342337],"用于表示分布式应用程序环境下":[5963777],"用于编写完整的实体的组合子属性":[2424833],"用于编写实体属性的变更前逻辑":[2424833],"用户可以通过":[3801089],"用于检测对象是否已经被删除":[5963777],"用于在":[2424833],"用于判断某个实体的聚合子实体中是否所有实体满足某个条件":[4521985],"用于判断某个实体的聚合子实体中是否存在一个实体满足某个条件":[4521985],"用于表示为用户添加这个角色的时间":[5308417],"用于编写实体的引用属性":[2424833],"用于编写实体属性的变更后逻辑":[2424833],"用于编写实体的冗余属性":[2424833],"用户角色插件":[3801091],"用于编写实体属性的强制":[2424833],"用户组合了实体":[5308417],"用于表示领域中一个具体的概念":[5308417],"用于在仓库类中生成简单的查询方法":[2424833],"用于编写实体的可空引用属性":[2424833],"用于编写实体的组合子属性":[2424833],"用于编写实体的一般属性":[2424833],"用户与角色是多对多的":[5308417],"用于编写实体的只读属性":[2424833]}