{"则可以编写在集合这个类型中":[4456449],"则可以在角色的仓库类中添加相应的查询方法":[5308417],"则性能较差":[458753],"则只有一个实体配置类":[4325377],"则表示生成的流水号的具体值":[5898241],"则可以使用":[1638401],"则只取字符串的前":[1048577],"则属于":[3997697],"则由传入的实体的状态来决定":[5963777],"则可以设置":[1638401],"则基类不会生成表":[3604481],"则标记":[4390913],"则框架会根据当前实体的":[2228225],"则是直接拼接":[3997697],"则框架会转而调用":[6094849],"则会导致从数据库中删除所有的书籍":[458753],"则在使用":[6291457],"则提供了一体化解决方案":[4915201],"则节约了表达式树的生成":[6291457],"则会清空引用实体属性的值":[3670017],"则依次按顺序传入即可":[1966081],"则不会支持":[4456449],"则忽略本次设置":[1048577],"则框架会根据":[3670017],"则这个聚合中的所有实体都将会被标记为":[4849665],"则需要一次性为需要保存的所有新实体统一生成":[3997697],"则只返回前":[1048577],"则会自动刷新":[6029313],"则不能删除这个角色":[5308417],"则可以构造一个只读属性":[1638401],"则包含相应的可空类型":[1048577],"则是用方法来表达每一个单独的服务":[3866625],"则默认表示查询所有列":[6291457],"则只需要手动引用":[5177345],"则需要修改":[983041],"则框架只会返回第一个实体":[6094849],"则客户端和服务端都需要部署":[6225921],"则也需要引用":[3997697],"则可以不使用此属性":[6029313],"则考虑使用一个可以展示给客户":[1638401]}