{"都是通过仓库来完成的":[4456449],"都会调用实体的":[1048577],"都是这种结构":[5308417],"都会严格按照启动顺序进行加载":[6225921],"都可以通过直接保存组合根来保存整个组合树":[458753],"都推荐使用这种查询":[4521985],"都有相应的元数据":[3080193],"都外键关联这个表来对应相应的文件":[4128769],"都可以直接转换为领域实体":[2818049],"都是替换后的服务":[3866625],"都应该在一个单独的插件程序集内开发":[6225921],"都会被保存":[5963777],"都有唯一的rdbdataprovider":[720897],"都是面向所有实体类型的非常通用的查询":[6291457],"都会由":[4915201],"都是支持分页的方法":[3538945],"都只能对应一个数据库":[5111809],"都可以对讲较之先启动的插件进行重新配置":[3145729],"都是直接或间接地通过":[262145],"都推荐使用该接口":[1966081],"都会创建一个统一的基类":[4390913],"都可以直接调用这种查询接口":[6094849],"都将会自动过滤掉所有":[4849665],"都需要保存到仓库中去":[2097153],"都是直接通过使用实体的托管属性来实现的":[6291457],"都是以直接操作":[3670017],"都同时包含两个托管属性":[3670017]}