{"由于每个实体项目在创建时":[4390913],"由于框架生成的数据库满足第三范式":[3407873],"由于组合实体的生成周期相关性":[458753],"由于属性变更后事件使用场景较多":[1048577],"由于已经使用贪婪加载":[851969],"由于本类没有映射数据表":[3604481],"由于批量导入功能是一个额外的程序集":[3997697],"由于它们都是托管属性":[3670017],"由于两个类的数据都存储在同一张表里":[3604481],"由于使用了单独的类来封装每一个服务":[3866625],"由于扩展属性写在额外的程序集插件中的":[6291457],"由于产品插件的启动顺序是在客户化插件之前":[2490369],"由于要同时关心这三个不同内容":[3407873],"由于实体间的关系往往是固定的":[4456449],"由查询实体变为查询数据表格":[6291457],"由于没有对领域概念做特殊的处理":[4456449],"由于所有懒加载属性的实现":[4653057],"由框架本身来维护冗余属性的值":[196609],"由框架的基类来做统一的管理":[5505025],"由于框架会在内存中加载所有的组合子实体":[458753],"由于它们继承了基类的所有属性":[3604481],"由于实体数据的查询都是使用仓库来获取的":[4653057],"由于仓库是单例的":[2097153],"由于这种需求比较常见":[4849665],"由于此方法是编写在":[1376257],"由框架自动维护":[1900545],"由于我们设计角色不依赖用户":[5308417]}