{"仓库返回数据的类型":[6094849],"仓库访问次数":[5898241],"仓库类型必须直接或间接继承自":[2097153],"仓库查询方法的编写":[5308417],"仓库扩展的使用方法如下":[1376257],"仓库外观":[2097155],"仓库设计":[4915201],"仓库实体":[5177345],"仓库会使用数据库本身的机制来为实体生成":[3997697],"仓库数据层":[1376257,1703937,2359297],"仓库类型上已经提供了参数是":[393217],"仓库基类已经实现了实体的保存操作和一些通用的实体查询方法":[4456449],"仓库类型的构建函数不能公开":[2097153],"仓库类型名称":[2097153],"仓库类型有以下特点":[2097153],"仓库类型":[2097154],"仓库扩展":[1376257],"仓库类":[2097153,4390913],"仓库类型必须遵守以下命名约定":[2097153],"仓库基类":[6291458],"仓库的所有公有查询接口":[4653057],"仓库基类则实现了组合实体的添加":[4915201],"仓库保存时":[5963779],"仓库类型代码示例如下":[2097153],"仓库数据提供器中许多内置的功能和扩展点":[3997697]}