{"通过设置":[1048579],"通过集合添加指定的插件即可":[6225921],"通过使用":[1376257,3080194],"通过这些代码":[6291457],"通过仓库工厂来获取仓库对象":[2097153],"通过服务的工厂来创建服务的实例":[3866625],"通过实体类型来获取其唯一的仓库":[2097153],"通过完成本示例":[5177345],"通过仓库查询出实体":[851969],"通过重写":[5111809],"通过角色来控制功能权限":[3801089],"通用查询时":[393217],"通过这个属性":[3670017],"通过对它的配置":[3080193],"通过配置界面元数据":[3080193],"通过仓库查询出来的实体":[5963777],"通过把":[1048577],"通过仓库保存该实体后":[5963777],"通过上面的代码可以看到":[2490369],"通用查询条件":[393217,6094849]}