{"必须加载的插件程序集":[6225921],"必须有唯一一个插件类型":[6225921],"必须标记为虚方法":[6094849],"必须保证":[5832705],"必须通过聚合根对象":[4456449],"必须保证使用统一的领域语言":[4456449],"必须在组合根对象存在之后才能存在":[5308417],"必须被删除":[2228225],"必须以较大的数字为步距":[3997697],"必须标记服务为可序列化的":[3866625],"必须先为其定义生成规则":[5898241],"必须完全使用领域实体来实现":[4456449]}