{"应用程序完全退出":[6225921],"应对复杂逻辑":[4456450],"应用程序最终由多个插件构成":[6225921],"应该从产品的":[1376257],"应用代码按照":[4456449],"应用层使用该方法来进行查询即可":[5308417],"应该设计为组合关系":[2228225],"应用程序运行时行为开始":[6225921],"应用工程的开发团队往往需要为这些实体仓库添加新的查询":[1376257],"应用程序对象":[6225921],"应用程序入口文件":[5177345],"应用程序中所有实体的属性已经初始化完成":[3407873],"应用模型":[3080193],"应用工程的开发团队往往需要为产品插件中的实体进行新的配置":[2490369],"应用开发人员只需要简单的定义一个冗余属性":[196609],"应用服务层":[4456449],"应用程序生成周期定义":[6225921],"应用程序对象的生命周期如下":[6225921],"应用程序":[1835009,4915201,5177345,6356993],"应用工程的开发团队往往需要为产品插件中的实体添加新的实体属性":[6160385],"应用程序生命周期":[6225923],"应用程序进行查看":[1769473],"应用程序集中":[3801089,4128769,4849665,5898241],"应用工程的开发团队往往需要添加新的领域逻辑":[5636097],"应用程序配置文件":[5177345]}