{"该属性类型为":[2228225],"该技术被广泛运用于各个系统":[3801089],"该技术模型如下图示":[3801089],"该框架可脱离":[4915201],"该项就是实体的名称":[4390913],"该接口使用类似于":[1966081],"该库可通过":[3407873],"该属性的类型是枚举":[5963777],"该选项会把实体的仓库也生成在同一个文件中":[5177345],"该插件主要包含角色和资源":[3801089],"该插件依赖角色插件":[3801089],"该类必须实现":[6225921],"该插件依赖账户插件":[3801090],"该方法经过优化":[2097153],"该基类的设计支持属性的管理":[4390913],"该插件中自带两个实体":[5898241],"该冗余属性把":[196609],"该类会自动把事务提升为分布式事务":[3342337],"该类的使用方法与":[3342337],"该插件中自带一个实体":[4128769],"该实体的":[4849665],"该接口的使用方法与":[1966081],"该配置项的值是用于记录日志的文件地址":[262145]}