{"此实体如果通过仓库保存后":[5963777],"此即命令":[4456449],"此方法会映射实体中所有属性到表中同名的列":[4325377],"此方法会映射实体中指定的属性到表中同名的列":[4325377],"此模式指出":[1507329],"此仓库存储实体对应的数据库连接配置名称":[2097153,5111809],"此配置是对应应用程序配置文件中的以下配置节名":[2097153],"此方法会映射实体中除了指定的属性外的其余属性到表中同名的列":[4325377]}