{"使用完整的":[6291457],"使用者在使用查询时":[851969],"使用以下方法对属性进行比较":[4521985],"使用对":[4325377],"使用工厂创建出的服务":[3866625],"使用内存缓存和磁盘缓存的二级缓存":[6356993],"使用领域实体":[5177346],"使用时":[3407873],"使得开发者编写的查询可以跨越多种不同的数据库运行":[6291457],"使用代码段可以方便地生成小段的代码":[2424833],"使用以下连接字符串":[5111809],"使用以下代码生成流水号即可":[5898241],"使用本插件后":[4128769],"使用领域实体关系图":[1769473],"使用复杂的":[4915201],"使用方法与使用仓库保持一致":[3997697],"使用以下布局":[3080193],"使用了命令模式来设计领域服务":[3866625],"使用方法同":[2424834],"使用批量导入数据插件进行数据的批量导入时":[4849665],"使用数据访问接口":[262145],"使得开发人员通常都不用关心数据库结构及映射":[3407873],"使用批量导入":[3997697],"使用方法如下":[2424833],"使用者可以在真正使用这些关系属性时才从数据库中加载相应的数据":[851969],"使得开发者不需要修改一行代码":[4915201],"使用者会因为当前业务组件能力的不足而不得不选择弃用该组件":[4915201],"使用场景":[5439489,6291458],"使用以下模型作为示例":[3604481],"使用文件记录":[262146],"使用当前的仓库来表示当前的表":[6291457],"使得我们对服务的创建过程进行扩展":[3866625],"使用新的数据源":[720897],"使用托管属性编写实体的属性":[5505025],"使用纯托管的":[5111809],"使用当前服务器的内存或客户端所在电脑的内存缓存数据项":[6356993],"使得在开发时":[4456449],"使得开发人员可以重写属性获取逻辑":[1048577],"使用以下命令":[3080193],"使用插件":[4128769,5898241],"使用示例":[6356994],"使得通用业务逻辑真正能够以插件的形式开发":[4915201],"使用扩展方法来获取或设置属性的值":[6160385],"使得开发人员的工作量变得很大":[3407873],"使用仓库保存一个新增的实体时":[3997697],"使用多个属性匹配组进行查询":[393218],"使用方法":[3014657,3407874,3997698,4128771,4849667,5898243,6160385],"使得开发者可以非常方便地使用富领域模型的同时":[4915201],"使得开发者可以快速理解并编写":[6291457]}