{"编写属性变更后逻辑":[1048577],"编写属性变更前逻辑示例":[1048578],"编译整个解决方案":[5177345],"编译并运行解决方案":[4063233,5177345],"编写方案参考":[5636097],"编写属性变更后逻辑示例":[1048577],"编写的实体组件":[4915201],"编译器会使用反射生成表达式树":[393217],"编译解决方案":[5177346],"编写方法与产品插件一致":[1376257],"编写以下代码来生成数据库的注释":[3014657],"编写的实体":[4915201],"编写以下代码即可":[1900545],"编写属性变更前逻辑":[1048577],"编译器其实是生成一组对象来表示一棵表达式树":[6291457],"编写了大量的实体类":[3014657],"编写查询":[5308417,6094849]}