{"也方便使用一些第三方的工具":[3014657],"也就是先存在用户":[5308417],"也可以直接使用":[458753,4456449],"也主要是由代码进行配置":[3080193],"也可以修改现有属性的一些元数据":[5439489],"也就是先设计好数据库":[3407873],"也提供了一组":[1966081],"也不会自动的级联删除":[3604481],"也可以直接通过该实体对应的仓库来完成创建":[458753],"也就是说可以使用仓库来创建一个实体对象":[4456449],"也需要通过实体仓库":[2097153],"也就是说":[458753,3604482,3997697,4915201,5963778],"也需要使用":[6291457],"也可以修改":[5439489],"也可以没有管理员":[3670017],"也对应":[5308417],"也叫自关联实体":[1900545],"也就意味着它可以很好地配合":[4915201],"也可以通过实体的以下方法来强制直接改变实体的状态":[5963777],"也支持分布式调用":[3866626],"也能唯一标识该对象的属性":[1638401],"也可以不封装":[393217],"也可以一样使用领域实体程序集":[5177345],"也会删除与之对应的四个车轮":[458753],"也可以部署为客户端通过服务来间接访问数据库":[4915201],"也会显示到领域关系图中":[4390913],"也可部署为":[4653057],"也就对应着":[5308417],"也可以直接在":[2818049],"也可以达到删除该实体的效果":[458753],"也提高了数据传输的效率":[4915201],"也获取到了总行数":[3538945],"也说明了每个缓存组件的特点":[6356993],"也都必须定义并实现在仓库类中":[4456449],"也是因为开发者编写":[6291457]}