{"只是告诉框架使用":[983041],"只是简单地查询数据":[1507329],"只支持简单的枚举类型":[4456449],"只有对":[2621441],"只支持":[3014657,3997697],"只是为了解决面向对象类型与关系数据库的映射":[4915201],"只需要部署到客户端":[6225921],"只需要设置":[3997697],"只需要修改为以下配置即可":[5111809],"只有一般的引用关系":[3276801],"只是通过":[1048577],"只加入一个组合":[1769473],"只会传输有效数据":[4915201],"只需要编写少量的界面层控制代码即可":[1835009],"只需要编写属性变更前逻辑就可以完全控制属性存储的值了":[1048577],"只需要简单地修改连接字符串即可":[4915201],"只需要在元数据配置中":[1900545],"只需要统计实体的个数":[1441793],"只需要在其它程序集中":[5505025],"只有在扩展程序集想要对主干程序集中的实体的元数据进行修改时":[4325377],"只支持直接对具体的子类的查询":[3604481],"只需要执行一次即可":[3014657],"只需要引用该插件后":[4849665],"只需要删除其根实体":[458753],"只有少部分元数据支持":[3080193],"只读属性主要为界面展现层设计":[6029313],"只做数据处理":[4915201],"只读属性":[4390914,6029313],"只需要输入":[2424833],"只读属性用于表示实体中的一个只读的数据":[6029313],"只有引用":[2228225],"只需要在应用程序配置文件中":[5111809],"只需要部署到网站服务端":[6225921],"只能用于":[6356993],"只有绿色的部分是需要开发人员编写的":[3080193],"只需要配置好数据库连接后":[4915201],"只是更换了这一行代码":[6291457],"只要求开发人员在":[4456449],"只需要使用托管属性的运行时对象":[6291457],"只是对单个属性或使用":[393217],"只能获取前":[1048577],"只读属性依赖的两个一般属性":[6029313]}