{"开发可以直接使用这些方法进行查询":[393217],"开发人员不再需要修改应用程序的数据库":[4915201],"开发人员可以在其中添加一组实体才有的相关业务逻辑":[2752513],"开启了":[3407873],"开发架构":[2818050],"开发者不想通过实体来操作数据库":[1966081],"开发了":[1835009,4915201],"开发人员也可以直接使用":[4456449],"开发过程中":[4456449],"开发者不需要直接编写真正的":[6291457],"开发效率较高":[4915201],"开发模式来提高开发效率":[4456449],"开启后":[4849665],"开发者可以参考以下代码创建新的生成规则":[5898241],"开发人员不得不继续考虑很多其它的问题":[4915201],"开发者所需要的实体查询":[393217],"开发者可以随意将两个实体对应的表进行":[6291457],"开发者只需要简单地保存":[4128769],"开发者切换数据库时":[4915201],"开头的代码段":[5177345],"开始领域实体编码前":[2818049],"开发者在使用之后":[4915201],"开发模式":[3014657,3407874,4915202],"开启该功能的实体的":[4849665],"开发人员需要实现假删除功能时":[4849665],"开发的必备条件":[4456449],"开发人员常常会把关联表中的一些字段冗余在另一张表中":[196609],"开发者如果想要更换保存文件的逻辑":[4128769],"开发者希望能够大批量地把实体的数据导入到数据库中":[3997697],"开发者并不会把文件存储到数据库中":[4128769],"开发效率低下":[3407873],"开发者可以使用":[4849665],"开发者可以在各种类型的应用程序中使用":[4915201],"开发者不得不额外地人工处理这些缺失的功能":[3997697],"开发人员则可以专注于领域中业务逻辑的核心":[4456449]}