{"这也正是领域驱动设计的核心设计哲学":[4915201],"这时就不得不通过托管属性":[6291457],"这样其可以使用面向对象的方式来进行功能的扩展":[2359297],"这种查询方式下":[6291457],"这也使得拥抱变化万能可能":[3407873],"这是因为启动级别越高":[6225921],"这个连接字符串使用本地的":[5111809],"这个属性表示这个实体是否为":[4849665],"这些元数据完全由内存对象表示":[3080193],"这样做也比较方便":[3997697],"这个代码段并不生成完整的属性代码":[2424833],"这隔离了与具体数据库的耦合":[6291457],"这就需要用到数据行数查询的功能":[1441793],"这是因为类别下可以有更小的类别":[1900545],"这将会导致一些功能失效":[3997697],"这里不再贴出":[1966081],"这样会有一定的性能问题":[2621441],"这种方式和敏捷开发的模式非常相似":[3407873],"这使得运行时可以不再使用反射":[4915201],"这时则不能使用组合":[5308417],"这个属性内部存储的值实际上长度是超过":[1048577],"这些属性的":[4915201],"这种方式只需要在程序启动时":[6225921],"这两个子类存储在数据库中的数据的该字段就分别有了不同的值":[3604481],"这样大方便了开发人员":[4456449],"这种包含关系可以是无极限的":[1900545],"这是一般的插件加载方式":[6225921],"这个用户对应的":[5308417],"这个数据库中有一个":[4063233],"这些扩展点都可以由额外的新插件来完成":[4915201],"这种实体类型的每一个对象都可以包含多个本实体类型的对象作为它的树子节点":[1900545],"这些点成为":[3145729],"这是目前大量组件化框架所遇到的最大问题":[4915201],"这样提高了开发的效率":[4915201],"这些数据在业务逻辑上是已经完全删除":[4849665],"这种关系对应":[5308417],"这样的开发模式下":[3407873],"这些关系都可以声明为贪婪加载":[851969],"这导致了必须使用反射去生成表达式树":[6291457],"这些插件中的配置代码的运行顺序是严格按照插件的启动顺序来执行的":[2490369],"这时编译整个解决方案":[5177345],"这是因为框架内部许多机制只会直接调用":[5505025],"这样就使得开发人员可以封装更高级的配置函数":[3080193],"这样的方式使得组件的使用者在组件本身能力不够时":[4915201],"这套框架里面也为大家提供了几个常用的缓存组件":[6356993],"这样可以与":[4456449],"这两个属性会被忽略":[1900545],"这个属性是展示给客户看的":[1638401],"这个抽象类中提供了一个静态属性":[6356993],"这样可以有效提高系统的水平伸缩性":[720897],"这使得开发人员可以更加方便地编写通用查询":[6291457],"这三种扩展都是通过在定义属性的同时指定该属性的元数据中的回调委托来完成的":[1048577],"这包括所有间接使用仓库查询作为内部机制的功能":[4653057],"这没有一个固定答案":[6356993],"这样才可以使用":[983041],"这是因为框架需要对仓库生成代码":[6094849],"这种模式下":[3604481],"这个属性尽量是一个唯一标识属性":[1638401],"这包括":[5832705],"这些名称是后期沟通":[4456449],"这样防止误把处于":[5963777],"这是一个":[5177345],"这里填写的名称":[4390913],"这个过程中会需要对领域工程中的内容进行大量的扩展":[5439489],"这种开发模式如下":[6094849],"这能让开发者更加专注于业务逻辑":[4915201],"这里表示":[6029313],"这样在变更属性后":[4456449],"这样可以先设置好模板默认的按钮":[6225921],"这对于开发人员做系统调试":[262145],"这时需要同时标记以上两个特性":[3866625],"这些功能":[1900545],"这种需求往往是系统级的":[4849665],"这样方便在没有安装":[1769473],"这就节省了表达式树的生成和解析的环节":[393217],"这里都使用该基类":[4390913],"这样可以减少关联查询":[196609],"这主要体现在实体类的名称上":[4456449],"这种关系并不直接被实现":[5308417]}