{"以上版本":[3997697,4063233,5111809],"以上代码将会过滤出所有管理员名称是":[4521985],"以测试框架的各个功能是否运转正常并保证兼容性":[4915201],"以及所有仓库的名称":[5177345],"以下代码是生成的实体类代码文件":[4390913],"以下代码":[458753],"以下代码示例如何使用":[3538945],"以下用一般属性作为示例代码":[5505025],"以查看指定实体的关系":[3735553],"以方便日常开发":[2424833],"以下代码为":[1048580,2228225,2621441,3670017,6029313],"以下代码说明仓库可以有一个管理员":[3670017],"以下代码示例如何在搜索编码中含有":[851969],"以下代码在":[3407873],"以及文件型数据库":[4915201],"以及后面示例章节会用到的实体类及其之间的关系":[4718593],"以实心三角结尾的连接线":[5308417],"以下两段代码为":[3670017],"以实现在业务级别上的更高层次的重用":[4915201],"以上代码段都可以使用缩写来方便调用":[2424833],"以减少关联查询次数及网络数据传输量":[196609],"以及一个对应的":[1048577],"以下步骤显示如何使用领域实体设计器":[1769473],"以下查询实现同时通过用户名称的模糊匹配":[393217],"以插件的形式对":[4849665],"以下是一个简单的数据行统计查询示例":[1441793],"以上即可":[5111809],"以下代码在删除小车时":[458753],"以下代码即实现了数据库备份":[720897],"以及不太复杂的关系的分析":[6291457],"以下代码把一个四轮小车改造为一个三轮车":[458753],"以上代码编写了一个自定义":[5832705],"以下代码说明仓库必须有一个管理员进行管理":[3670017],"以下以用户与角色的关系设计为例说明":[5308417],"以单独类来封装每个单独的服务":[3866625],"以解决关联查询":[196609],"以及如何使用":[131073],"以下代码示例通过添加":[851969],"以下两个查询使用的都是同一个数据库连接":[3342337],"以指定的分页信息":[4521985],"以及各层对应的扩展点":[5439489],"以下代码声明了一个简单的加法逻辑服务":[3866625],"以类的形式封装服务后":[3866625],"以下代码示例如果在运行时启动时":[6225921],"以下代码示例如何为":[196609],"以下是":[3604481],"以下是使用":[2818049],"以避免增加":[6356993],"以及它们的使用场景":[5308417],"以空心三角结尾的连接线":[5308417],"以实现聚合的整体化概念":[4456449],"以上配置只是打开了":[983041],"以下查询实现了通过用户的编码的精确匹配来查询唯一指定的用户":[393217],"以下代码强制加载":[6225921],"以及维护整个组合实体的行为":[2818049]}