{"设计为可空引用属性":[3670017],"设计出相应的领域服务":[2818049],"设计为实例虚方法":[1048577],"设置输入参数":[3866625],"设置引用实体时":[3670017],"设计它的主要目的是为了实现轻量级的数据传输":[1507329],"设置属性的值":[5505025],"设计方案说明书":[5505025],"设置为":[3604481],"设计了批量导入插件程序":[3997697],"设置该插件所对应的数据库配置名":[4128769,5898241],"设计理念":[917505],"设计为不可空引用属性":[3670017],"设计时区分的主要原则是":[5308417],"设计本插件用于生成上述相应格式的编号":[5898241]}