{"方法来替换高启动级别插件中的指定服务":[3866625],"方法会在启动时根据启动级别顺序被调用":[6225921],"方法来完成的":[720897,4325377,5963777],"方法时":[6029313],"方法中加入以下代码":[3604481],"方法只会在实体状态为":[5963777],"方法提交整个事务":[3342337],"方法中":[4521985],"方法体中需要构造查询":[6094849],"方法后":[5832705],"方法需要标记":[6094849],"方法保存传入的实体对象时":[5963777],"方法会根据当前查询方法的返回值":[6094849],"方法来明确指定当前仓库对应的实体":[1376257],"方法有两个职责":[6225921],"方便管理与查找":[4128769],"方法的返回值只可以是以下几类":[6094849],"方法替换为自己的日志实体类型":[262145],"方法名":[4521986],"方法内部":[3342337],"方法注册引用实体属性时":[3670017],"方法支持贪婪加载":[851969],"方法内部其实非常简单":[5898241],"方法要快许多":[2097153],"方法体":[6094849],"方法把非泛型的":[4521986],"方法获取仓库":[2097153]}