{"为实体启用幽灵功能":[4849665],"为这样的场景提供了更为方便使用的":[393217],"为了实现对复杂业务逻辑的处理":[2818049],"为了保证框架的稳定性及运行质量":[4915201],"为该实体定义扩展属性即可":[5505025],"为产品插件内的实体仓库添加扩展新的查询":[1376257],"为产品插件内的实体仓库数据层扩展保存逻辑":[2359297],"为了性能上的考虑":[3997697],"为开发人员提供了极高的开发效率":[1835009],"为启动项目":[5177345],"为某项目绘制的领域模型图":[2818049],"为可序列化实体":[4390913],"为了支持多个数据库":[6094849],"为产品插件内的":[5636097],"为了方便状态的检测":[5963777],"为了实现整个程序的可配置性":[3080193],"为了保证更好的扩展性与强大的功能":[3997697],"为数据库生成较为全面的文档":[3014657],"为了解决":[851969],"为产品插件内的实体变更实体的配置":[2490369],"为需要幽灵功能的实体打开该功能":[4849665],"为了方便开发者使用":[393217],"为了解决这个问题":[3342337],"为数据库生成注释":[3014657],"为产品插件内的实体实现实体属性的扩展":[6160385],"为配置名称的数据库中":[5111809],"为了应对大数据的导入":[3997697],"为了尽量屏蔽各数据库中":[1966081]}