{"框架使用了模型驱动架构":[3080193],"框架决定不强制要求这一点":[458753],"框架提供":[2359297],"框架才会从数据库中加载该属性的值":[2621441],"框架与经典":[4456450],"框架一般是以实体对象的方式":[2621441],"框架中所有的数据访问":[262145],"框架会为对应的表添加新的列":[3407873],"框架带来底层支持外":[5505025],"框架使用":[6356993],"框架自动分析出当前查询的":[4849665],"框架会执行所有插件中对指定实体类的所有配置代码":[2490369],"框架中设计了引用属性来表示这一关系":[3670017],"框架查询数据":[6291457],"框架才会解析这棵树":[393217],"框架中实体的数据层进行了扩展":[4849665],"框架中其它各子系统的基础":[5505025],"框架提供了大量的代码段":[2424833],"框架要求先通过":[4456449],"框架为树型实体使用数字进行层次编码":[1900545],"框架会执行这个":[5832705],"框架要求以一种统一的开发模式来编写实体仓库的查询方法":[6094849],"框架的依赖属性类似":[5505025],"框架在实体基类中已经给出了默认的实现":[1900545],"框架开发时":[4456449],"框架会解析这棵树":[6291457],"框架中其它组件":[1835009,4915201],"框架提供了同样功能":[2097153],"框架的数据库同步模块":[3407873],"框架会自动生成一个专门用于存储日志的数据库":[3407873],"框架定义一套新的基于字符串的查询语法":[6291457],"框架的使用对开发人员要求非常简单":[4915201],"框架完全是基于产品线工程方法来构建的":[3145729],"框架中进行多系统集成的基础组件":[3866625],"框架会直接将":[393217],"框架不同的是":[4915201],"框架还提供了":[6291457],"框架自动加上一":[4849665],"框架其它组件独立运行":[4915201],"框架内部会自动转换为数据行数的查询":[6094849],"框架在数据层进行查询时":[3538945],"框架会自动生成一个连接字符串":[5111809],"框架也支持在内存中递归删除组合实体的子实体":[458753],"框架在把组合关系映射到数据库的外键关系时":[458753],"框架中实体与数据库间的映射关系":[3407873],"框架还结合托管属性":[6291457],"框架中的幽灵插件的场景":[4849665],"框架发布记录":[1835009],"框架中的领域实体是":[2818049],"框架会调用组合子实体的仓库来保存这些组合子实体":[458753],"框架本身也针对平时开发过程中一些经常需要处理的场景提供了易用的解决方案":[4915201],"框架的基础上":[4849665],"框架时":[4456450],"框架中的冗余属性设计":[196609,851969],"框架都是":[3407873],"框架中的流水插件的场景":[5898241],"框架的快速开发思想之一是支持默认值":[4915201],"框架会在启动时根据启动级别顺序调用本方法":[6225921],"框架基于领域驱动设计":[2818049],"框架其它组件单独运行":[1835009],"框架中如何封装领域的逻辑":[2293761],"框架中目前提供的所有代码段及使用方法":[2424833],"框架提供了":[2621441,3866625],"框架中":[3407873,3604481],"框架就是各类元数据":[3080193],"框架各组件的一个设计原则":[3145729],"框架相比":[4915201],"框架实体类的实体状态中":[5963777],"框架为常用的":[4521985]}