{"会隐式自动提交事务":[3997697],"会生成到实体的注释中":[4390913],"会懒加载出对应的实体":[3670017],"会自动把实体上的变更实时同步到目标数据库上":[3407873],"会为其在数据库中添加相应的两张表":[5898241],"会发现数据库中的数据条数不断添加":[5177345],"会造成数据的错误":[3997697],"会立刻显示以":[5177345],"会把统计出来的总行数赋值给":[3538945],"会自动把字段同步到数据库中":[4456449],"会相差":[3997697],"会为其在数据库中添加相应的一张表":[4128769],"会完成数据库的生成":[720897],"会生成以下代码":[5177345],"会提示编译成功":[5177345],"会学习得更快":[1245185],"会创建一个名为":[5177345],"会弹出":[5177346],"会自动把该外键设计为级联删除":[458753]}