{"可以获取到属性变更前后的两个值":[1048577],"可直接用于分布式传输":[5963777],"可以在业务组件中选择相关组件进行组装":[4915201],"可以为扩展属性编写查询":[6291457],"可以使用以下三个方法对属性批量配置映射":[4325377],"可以使用的":[4521985],"可以支持继承此类的子类方便地重写此处的逻辑":[1048577],"可实现的插件级扩展包括":[3145729],"可以控制生成不同的界面":[3080193],"可以指定查询的具体页码":[3538945],"可以把项目中与该实体有关系的其它的实体也加入到图中来":[1769473],"可以看到":[4063233,6291457],"可支持分布式传输":[4390913],"可以使用以下代码在元数据中进行如下配置":[1900545],"可以打开对应的代码文件":[1769473],"可以扩展产品插件实体在保存时的行为":[5439489],"可用的操作有":[393217],"可以对其进行保存":[458753],"可扩展的内容":[5439489],"可以在客户端":[4653058],"可以选择此插件":[3801090],"可直接绑定界面":[5963777],"可以添加新的领域逻辑":[5439489],"可以参见博文":[3538945],"可能因为字段不存在而导致执行失败":[3014657],"可以使用":[3342337,3407873,3866625,5898241,5963777],"可以使得开发人员在开发过程中只关心领域实体的关系":[4915201],"可以不需要进行任何数据库的开发":[5177345],"可以方便地使用":[3997697],"可能需要重启":[5570561],"可以让新的数据层来替换原有的数据层":[2359297],"可以跳过本章":[4063233],"可以在为某个客户定制化的插件程序集中编写代码":[3145729],"可以使用这个功能来更新其对应的关系":[1769473],"可直接通过组合根保存":[458753],"可以按照以下规则进行代理属性的设置":[1638401],"可插拔模块":[6225921],"可选参数":[851969],"可以随意修改主干程序集的界面配置":[3145729],"可变性管理":[3145730],"可以添加新的实体查询":[5439489],"可以修改":[5439489],"可以使用一个独立的":[1769473],"可以认为这个属性是这个实体类的一个唯一键":[1638401],"可以在注册托管属性时":[5505025],"可以通过":[393217,851969,1900545],"可脱离":[1835009],"可以直接使用":[1638401],"可返回一个简单的表格类型数据":[6094849],"可以自动为两个类创建关系属性":[4390913],"可以考虑使用":[6291457],"可以为产品插件的实体添加新的实体属性":[5439489],"可以在扩展程序集中声明更多的实体配置来配置指定的实体":[4325377],"可以被框架有机地管理起来":[5505025],"可以使用程序加载方式":[6225921],"可空引用属性":[3670017],"可以表示诸如":[5308417],"可同时生成并运行":[1835009],"可以设置":[3407873],"可以直接获取组合中的子实体":[4456449],"可以非常方便地使用这些关系":[4456449],"可使用":[458753],"可以使得不同的实体表现出不同的行为":[3080193],"可扩展属性的entity":[1835010],"可使用反射更方便地遍历出所有的服务":[3866625],"可以发挥":[1507329],"可以不用一次性把实体类设计完整":[3407873],"可以随意修改产品插件中的实体配置":[5439489],"可以从中详细了解":[3604481],"可以更加快速地开发":[1835009,4915201],"可以看到已经生成了一个":[5177345],"可以使用模板来创建一个新的实体":[4390913],"可空引用关系":[5308417]}