{"来实现跨平台":[4915201],"来实现的":[3997698,6291457],"来更新或者读取全部字段的数据":[2621441],"来创建查询":[1376257],"来查询数据":[6094849],"来说明如何使用领域实体框架":[4194305],"来进行查询时":[1376257],"来替换其基类领域控制器":[5636097],"来定位需要变更的业务逻辑代码块":[4456449],"来辅助开发者生成基本的":[6291457],"来定义表和字段":[6291457],"来实现这种轻量级的数据冗余":[196609],"来方便实现这类需求":[1966081],"来兼顾本地应用":[6094849],"来做模糊匹配":[1900545],"来确定底层查询时应该返回的类型":[6094849],"来实现与用户的交互":[5177345],"来把整个组合实体树中的所有实体都标记为":[5963777],"来实现":[720897,3407873],"来使用参数化的查询":[6094849],"来为某个指定的实体类型开启":[4849665],"来调用实体的实例方法":[1048578],"来加载相应的实体关系":[851969],"来生成上述代码":[393217],"来获取或设置实体的树型父节点实体":[1900545],"来使用以下方法进行快速查询":[393217],"来进行查询":[1376257],"来访问":[5111809],"来获取或设置实体的树型子节点集合":[1900545],"来保存每一个":[458753],"来记录所有数据库同步日志":[3407873],"来完成查询服务":[3866625],"来引用最新的纯托管":[5111809],"来生成":[3997697],"来定义":[6291457],"来进行查询的查询模式":[6291457]}