{"语句在查询上强大功能":[1507329],"语句中参数对应不同数据库中名称的变化":[1966081],"语句或存储过程来直接访问数据库":[1966081],"语句日志":[262145],"语句及相关日志":[262145],"语法的格式":[6291457],"语法中的属性表达式":[6291457],"语法树的方式来进行查询":[6291457],"语句中进行删除":[3997697],"语句调整表中":[3997697],"语句并最终执行":[6291457],"语法树对象":[6291457],"语句来进行查询":[6291457],"语句来实现一些非常复杂的查询":[5832705],"语句时":[4521985],"语句分页":[3538945],"语句和参数":[1966081],"语句来查询":[6291457],"语句能够在多个数据库上能够正确运行":[6291457],"语句无异":[6291457],"语法非常简单":[6291457],"语句进行扩展":[6291457],"语句的查询结果是一个包含三个字段":[5832705],"语法进行查询":[6291458],"语句参数的不同标识":[1966081]}