{"一个组合中的子对象":[5308417],"一套代码":[1835009],"一个引用":[3670017],"一般属性包含一个类型为":[1048577],"一个领域服务协同一系列领域实体来完成一个独立的业务逻辑":[3866625],"一个属性可以即是输入也是输出":[3866625],"一般属性":[1048577,3670017,4390914,5177345,6160385],"一个引用实体属性":[3670017],"一个实体从实体列表中移除时":[5963777],"一部分是子类":[3604481],"一个用于序列化":[4390913],"一个数据库中可以存储多个实体":[5111809],"一般而言":[3604481],"一般情况上是一起消亡的":[5308417],"一般情况下":[1048577,1638401,3670017,3997697,4128769,4325377,4521985],"一个组织可以包含多个用户":[3801089],"一般框架对实体的属性都会进行大量的反射操作":[5505025],"一般属性的逻辑的扩展方式有以下三种":[1048577],"一并加载出仓库的管理员及仓库下所有的货品信息":[851969],"一次性将数据全部加载到内存中":[851969],"一般属性可以声明为任何类型":[1048577],"一种是基于组织":[3801089],"一般使用基于角色访问控制技术rbac":[3801089],"一个实体可以对应多个实体配置类型":[4325377],"一般使用":[4915201],"一个以上的引用属性":[196609],"一个从仓库中完成删除后的实体":[5963777],"一般需要申明一个仓库基类":[2097153],"一般属性用于存储实体中的一个值数据":[1048577],"一般很少在其中编写代码":[2752513,4390913],"一般通过组合子属性表示的集合来改变":[3670017],"一般引用":[3670019],"一个很大的不同在于支持插件化的架构":[4915201],"一并查询出实体所拥有的这些关系属性所对应的实体":[851969],"一个用于外部直接构造实体":[4390913],"一个开发完成的插件":[6225921],"一些对于系统来说":[6225921],"一个角色下也有很多的用户":[5308417],"一张表单一旦被删除":[2228225],"一种是基于用户进行过滤":[3801089],"一旦删除用户":[5308417],"一个刚从仓库中查询出来的实体":[5963777],"一个著名的设计模式是":[1507329],"一旦父对象消亡":[2228225],"一页所含数据行数":[3538945],"一体化的开发环境":[1835009,4915201],"一张表单与它的明细项之间的关系":[2228225],"一个用户拥有很多角色":[5308417],"一旦组合根对象消亡":[5308417],"一个一般值属性":[196609],"一般来说":[1638401],"一个人的姓名可以代表这个人":[1638401],"一个服务可以有多个输出":[3866625],"一旦更新数据源会全部更新":[720897],"一个用户可以有多个角色":[3801089],"一般引用属性可以表示诸如":[3670017]}