{"所以没有这两个状态":[5963777],"所以我们决定专门为该功能写一个独立的":[4849665],"所以在删除的时候需要删除下面的数据":[3604481],"所有的查询":[4849665],"所以在进行查询的同时":[3538945],"所属类型":[4521986],"所以它们分别生成了它们自己的表":[3604481],"所以使用":[4456449],"所有初始化工作完成":[6225921],"所以支持":[6291457],"所以我们需要通过仓库工厂来获取唯一的这个仓库对象":[2097153],"所以在使用该功能时":[3997697],"所有页数":[3538945],"所以也支持分布式传输":[4653057],"所有初始化期定义的元数据初始化完成时事件":[6225921],"所有使用到文件":[4128769],"所以本机制可以显示框架与数据库的所有交互":[262145],"所有实体元数据初始化完毕":[6225921],"所有启动级别更低的插件":[3145729],"所以当您的查询较为复杂":[6291457],"所以需要删除整个组合实体时":[458753],"所以默认情况下":[4390913],"所以都支持托管属性的三种属性逻辑扩展":[3670017],"所有的子对象也同时消亡":[2228225],"所以数据都已经查询到内存中":[851969],"所以我们最终决定":[3997697],"所有仓库使用的都是同一个打开的连接":[3342337],"所以可以非常方便地开发客户端":[4915201],"所以使用拼音缩写":[2097153],"所以写在":[5505025],"所以数据需要添加一个单独的字段进行分辨":[3604481],"所以内部的所有扩展点都是要依赖":[6291457],"所以所有的数据查询都支持分布式":[4653057],"所有实体的属性都支持自动生成代码":[5505025],"所有领域服务也是支持远程调用":[4653057],"所以使用的默认是自动生成的":[4390913],"所以支持继承的映射":[3604481],"所以一般情况下":[1966081],"所以需要显式标记来区分公有数据方法":[6094849],"所以当无法通过":[6291457],"所以更便于对服务进行管理":[3866625],"所以框架会在产品插件的配置类的代码运行完成后":[2490369],"所以要生成流水号":[5898241],"所有对实体的保存":[4456449],"所以我们为":[1835009,4915201],"所以直接编写同签名的方法即可直接重用":[1376257],"所有参数需要支持可序列化":[6094849],"所以人这个类中我们把它的":[1638401],"所以使用组合":[5308417],"所有的实体集合都直接或者间接地从":[2752513],"所以使用的是":[393217],"所以在整个研发过程中":[5177345],"所以开发人员在开发业务逻辑时":[4456449],"所以应该把主版本重用的插件放在前面":[6225921],"所以实现比较简单":[3997697],"所以不需要修改角色的实体结构":[5308417],"所有继承自":[4849665],"所以使用过":[1245185]}