{"那么集合中的顺序则表示了插件的启动顺序":[6225921],"那么这些许多的扩展点都将无效":[6291457],"那么需要指定它所属的组合父实体名":[4390913],"那么自动过滤功能无效":[6291457],"那么具体使用时选用哪个组件呢":[6356993],"那么要删除整个组合对象":[458753],"那么需要为查询添加一个额外的参数":[851969],"那么车轮就没必要设计为车辆的组合子实体了":[2228225],"那么需要指定它的父实体名":[4390913],"那么使用组合关系":[5308417]}