{"我们在做数据备份时":[720897],"我们可以实现实体的读写分离":[720897],"我们需要添加名为":[983041],"我们可以通过该类的以下两个方法来获取指定的仓库对象":[2097153],"我们把聚合关系实体化":[5308417],"我们需要在领域插件类型中使用领域服务":[3407873],"我们可以为这个":[5308417],"我们只是去获取组合父引用属性对应的对象":[3670017],"我们还可以通过属性匹配组来实现相对复杂的查询":[393217],"我们认为是用户聚合了角色":[5308417],"我们经常会在开发者在使用后收取使用者的反馈":[4915201],"我们可以通过":[393217],"我们采用一种线程安全上下文的变量":[720897],"我们可以获取或设置该仓库的管理员对象或":[3670017],"我们需要在代码中主动添加级联删除":[3604481],"我们需要先分辨两个实体间的依赖关系":[5308417],"我们则应该设计一个返回":[1638401],"我们可以很容易对现有组件进行扩展":[3145729],"我们为框架编写了":[4915201]}