{"即可自动完成实体中文件数据的保存":[4128769],"即可部署为本地程序":[4653057],"即还原为默认的数据源":[720897],"即可生成相应代码段":[4521985],"即方便在查看数据库时能清晰地看到每一个表及字段的含义":[3014657],"即开发人员常说的":[4849665],"即可支持":[983041],"即可无缝支持分布式远程调用":[4915201],"即已经删除的数据":[4849665],"即领域驱动设计":[4456449],"即同一份代码":[4653057],"即可获取服务的输出":[3866625],"即间接使用引用实体的属性来进行查询":[4521985],"即以上三种状态中任一一种":[5963777],"即保存在本地文件夹中":[4128769],"即和实体保持一致":[3014657],"即先编写领域实体的属性":[3407873],"即可自动更新数据库中的表结构":[5111809],"即可完成整个组合树中所有实体的保存":[458753],"即每个实体的仓库":[2097153],"即可配置该类到表的映射":[4325377]}