{"关系图例":[5308418],"关于领域实体的详情":[2818049],"关系的代码":[3407873],"关系图":[2818049],"关于分页的更多信息":[3538945],"关于代码段":[6160385],"关于扩展属性":[6291457],"关于如何切换为使用":[5177345],"关于这三种映射方式的具体介绍":[3604481],"关系的延迟加载":[4390913],"关系图的内容":[5308417],"关系等信息":[1769473],"关于插件生命周期的设计":[6225921],"关于此架构的详情":[2818049],"关联数据量等性能问题":[196609],"关于实体继承后的数据表映射":[5308417],"关于模型驱动架构的详细概念":[3080193],"关于如何使用":[2818049],"关闭应用程序":[6225921],"关于软件产品线工程的详细概念":[3145729],"关于实体的状态":[458753]}