{"目前不支持自定义值对象":[4456449],"目前为数据库生成注释的功能":[3014657],"目前只支持相同数据库类型间进行切换":[720897],"目前框架中只支持":[3604481],"目前数据库中存在":[5177345],"目标之一就是需要处理非常复杂的业务逻辑":[4456449],"目前主要包含":[2490369],"目前只是支持了最常用的几种数据库":[5111809],"目前也已经在很多类型的真实项目中被应用":[4915201],"目前支持以下三种查询方式":[6094849],"目前批量导入实体的功能":[3997697],"目前并不支持创建":[5111809],"目前已经支持了":[4915201],"目录中的":[1769473]}