{"属性设置前回调":[1048577,3670017],"属性更换属性获取强制逻辑":[1048577],"属性设置后回调":[1048577,3670017],"属性不同":[5505025],"属性代码段":[2424834],"属性来完成的":[3670017],"属性的类型为组合父实体类型":[2228225],"属性则是输出属性":[3866625],"属性的":[5505025],"属性一般是一个字符串属性":[1638401],"属性设置为它的代理属性":[1638401],"属性中":[4128769],"属性映射为列":[4325377],"属性的值":[3670017,6160386],"属性发生改变":[6029313],"属性使用懒加载设计":[4128769],"属性用于存储该对象在树型关系中的父对象":[1900545],"属性存储的是一篇文章的完整内容":[2621441],"属性封装只是为了方便开发人员使用":[5505025],"属性是引用属性的值的关键":[3670017],"属性的类型为组合子实体对应的集合类型":[2228225],"属性提供":[2097153],"属性依然可以很方便地进行扩展":[5505025],"属性声明示例":[196609,1048577,2228225,2621441,5505025],"属性添加属性变更后事件委托":[1048577],"属性用于表示本实体是否处于需要保存的状态":[5963777],"属性把实体的状态标记为需要删除后":[458753],"属性添加属性变更前事件委托":[1048577],"属性来指定对应的数据库连接字符串配置名":[5111809],"属性匹配":[393218],"属性也会同时变更为该实体的":[3670017],"属性变更后":[2621441],"属性逻辑扩展":[1048578],"属性与引用实体属性的值是完全关联的":[3670017],"属性来获取其所在的组合子实体":[2752513],"属性表示整个组合实体是否需要保存":[5963777],"属性会自动映射到数据库中":[4849665],"属性名为":[196609],"属性包装":[1048577],"属性决定":[5963777],"属性存储的值":[5505025],"属性中的所有代码都会被忽略":[5505025]}