{"它们都是业务逻辑的封装体":[3866625],"它不需要使用确切的实体属性表达式":[6291457],"它包含了以下组成部分":[1835009],"它们包括":[3080193],"它其实就":[4456449],"它的状态是":[5963778],"它的两个子类":[3080193],"它表示一种包含关系":[2228225],"它对应":[2228225],"它不但用于编写经典":[4456449],"它是界面生动生成框架的输入":[3080193],"它是实体框架运行时的基础":[3080193],"它表示一个实体类从属于另一实体类":[5308417],"它的状态变更为":[5963778],"它由一个静态的属性标记字段和一个相应的":[5505025],"它的值用于表示当前的实体对象":[1638401],"它的作用是管理实体":[2097153],"它很好地处理了上述问题":[2621441],"它不但有属性":[2818049],"它的长度就是这个字符串":[1048577],"它组合的所有子实体也都同时被删除":[458753],"它们是一个整体":[2228225],"它不只关注于一般性的面向对象实体与关系数据库的映射":[4915201],"它们在服务端和客户端都可以直接被调用":[4653057],"它其中的每一个参数都使用大括号括住的数字来代替":[6094849],"它的状态变为":[5963777],"它使用刚才创建的":[5177345],"它的状态自动变更为":[5963777],"它只是简单的单一表":[1507329],"它们会分别映射为可空及不可空的外键":[3670017],"它的数据库连接字符串是全局共享的":[720897],"它还有以下优势":[5505025],"它相对于":[1507329]}