{"当开发者使用":[3014657],"当为实体添加一个新的属性后":[3407873],"当开发者在使用":[6291457],"当界面层":[5963777],"当配置文件中没有做任何配置时":[5111809],"当我们在显示一个文章的列表时":[2621441],"当新的查询需要使用新的":[1376257],"当改变路径中任意一个引用对象":[196609],"当该实体或者该实体组合中的组合子实体中":[5963777],"当实体的个数较多时":[3997697],"当需要使用一个或几个属性的限定匹配来进行查询时":[393217],"当调用完成后":[3866625],"当您处于以下场景时":[6291457],"当系统有组织模型时":[3801089],"当开发新的应用程序时":[4915201],"当需要对基类统一查询时":[3604481],"当系统提供数据权限时可以选择此插件":[3801089],"当需要使用内容时":[2621441],"当领域工程的产品插件开发并打包完成后":[1376257,2490369,5636097,6160385],"当更新数据库时":[2621441],"当系统只需要角色及功能权限时":[3801089],"当再次获取引用实体属性值时":[3670017],"当使用":[5963777,6291457],"当一张图中的实体类对应的源码发生改变时":[1769473]}