{"组合关系是一种一对多关系":[5308417],"组合关系意味着组合父类可以获取组合子类的集合":[5308417],"组合实体的状态":[5963778],"组合关系在代码实现时":[2228225],"组合两种关系":[2228225],"组合子属性":[2228225,3670017,4390914,5308417],"组合的特点":[5308417],"组件化":[4915201],"组织插件":[3801091],"组合子类可以通过组合父引用属性获取其对应的组合父的对象或":[3670017],"组合实体树中的所有实体都必须通过组合根实体来获取":[458753],"组织和角色关系":[3801089],"组合父引用":[3670019],"组织体":[3866625],"组合父引用属性":[2228225],"组合实体树中任一实体状态变更时":[5963777],"组合子属性的值是被设计为懒加载的":[2228225],"组合子实体也将被删除":[5308417],"组合父引用属性都是不可空的引用属性":[3670017],"组合实体的保存":[458753],"组合实体树中任一实体状态变更":[458753],"组合关系":[2228227,5308417],"组成部分":[1835009,2818049],"组织和用户关系":[3801089],"组合父实体类名":[4390913],"组合是非常重要的关系":[3670017]}