{"往往需要在删除数据时不是真正地删除数据":[4849665],"往往还需要使用它的一些关系实体":[851969],"往往需要把实体类型和实体属性上的注释同时生成到对应的数据库表及字段上":[3014657],"往往需要存储大量的文件":[4128769],"往往要在界面中显示一个分页脚":[3538945],"往往觉得通过此框架来开发应用程序":[4915201],"往往只需要显示文章的标题就可以了":[2621441],"往往不是针对某一张表":[4849665],"往往需要生成从一开始的流水号":[5898241]}