{"并返回相应类型的数据":[6094849],"并存储到引用实体属性中":[3670017],"并按下":[5177345],"并最终逐渐形成一个业务组件的仓库":[4915201],"并且参数需要自行构造":[1966081],"并把这个总行数与查询出的实体列表数据一同返回":[3538945],"并在连接不同的数据库时":[1966081],"并在名称中输入":[5177345],"并对该方法进行拦截":[6094849],"并将其替换对应仓库已有的数据层":[1376257],"并将其从公有接口层一直传递给数据层":[851969],"并支持数据库升级":[4456449],"并不支持所有的":[4521985],"并把返回的结果表转换为":[5832705],"并在主查询上加上":[4849665],"并可以独立存在":[5308417],"并设置到":[4128769],"并不能支持仓库":[3997697],"并装载为一个实体集合":[2228225],"并设置为可空列":[4325377],"并提供了大量的默认查询":[4915201],"并实现实体的持久化保存功能":[4390913],"并使用中间跳过的这些值来作为实体的":[3997697],"并记录到名称变更日志中":[1048577],"并不对数据进行写操作":[1507329],"并由数据层传递给底层框架的查询":[851969],"并尽量保持与传统":[6291457],"并最终使用":[6094849],"并没有用":[3080193],"并兼顾了极高的开发效率":[4915201],"并自动生成数据库后":[3014657],"并且采用多个数据库实例进行管理":[720897],"并转换为":[6291457],"并使用以下连接字符串":[5111810],"并结合实体托管属性":[6291457],"并查询出满足条件的实体个数":[3538945],"并没有提供对上一句所说的这些分布式缓存框架的支持":[6356993],"并直接保存到仓库中":[458753],"并配置":[3407873],"并真正能实施业务组件级别的大规模重用":[4915201],"并搜索":[5570561],"并建立一个应用层程序使用这些领域实体":[5177345],"并没有完全按照经典":[2818049],"并显式指定映射到基类的表上":[3604481],"并不一定是固定的":[2228225],"并使用":[5636097],"并返回":[5898241],"并需要返回总行数":[3538945],"并对其进行相应的":[4456449],"并通过仓库保存时":[5963777],"并启动领域项目即可":[5177345]}