{"支持标识":[4456449],"支持单目操作符":[4521985],"支持引用查询":[4521985],"支持部署为单机":[4915201],"支持本地调用":[3866626],"支持这些分布式缓存框架":[6356993],"支持统一的直连":[4653057],"支持在属性对比条件中":[4521985],"支持多个数据库":[6291457],"支持以下双目操作符":[4521985],"支持的属性类型":[1048578],"支持动态属性扩展":[5505025],"支持的操作符":[4521986],"支持领域驱动设计":[1245185],"支持插件级别的替换":[2359297],"支持两个属性条件间的连接条件":[4521985],"支持继承映射":[4456449],"支持树型实体":[4456449]}