{"查询对应的行数":[4521985],"查询并返回复杂的表格数据":[4456449],"查询条件":[2555905],"查单个实体":[6094849],"查询来快速构造简单的查询条件":[6291457],"查询的优势":[393218],"查询的原因":[6291457],"查询时":[393217,5832705,6291457],"查询的拦截器":[4849665],"查询目前只支持有限的一些操作符的解析":[6291457],"查全部实体":[6094849],"查询中需要两个实体有确切的实体关系才会最终生成":[6291457],"查询是可以混用的":[6291457],"查询行数":[1441793],"查询表格数据":[6094849],"查询需要支持仓库数据层的扩展点":[6291457],"查询实体个数":[6094849],"查询结构":[6291457],"查询的扩展":[4915201],"查询实体个数的数据层实现中":[6094850],"查询可以简化大部分的简单开发场景":[6291457],"查询数据条数":[6094849],"查询提供了代码段生成":[4521985],"查询模式":[6094850],"查询也都是完全是基于":[6291457],"查询实现了一个较复杂的查询示例":[4521985],"查询中可使用属性对比":[4521985],"查询数据表格":[6094849],"查询和":[5832705],"查询来实现的":[6291457],"查询数据条数统计":[6094849],"查询完成后":[6094849],"查数据条数":[6094849],"查询的公有接口方法内部":[1441793],"查询对象":[6291459],"查询操作":[4456449],"查询扩展示例":[1376257],"查询所有列":[6291457],"查询示例":[6291457],"查询指定":[4456449],"查询单个实体":[6094850],"查询来实现时":[6291457],"查询所有实体时":[4849665],"查询功能":[4915201],"查看生成的数据库":[5177345],"查询与":[6291458],"查看领域实体关系图":[3735553],"查询是数据层查询中最简单易用的查询":[4521985],"查询条件中其实都是一些简单的属性匹配":[393217],"查询实体列表":[6094850],"查询中使用的是实体类型":[6291457],"查询无法支持的一些场景":[6291457],"查询的场景不在考虑范围内":[4849665],"查询实体":[1441793],"查询是":[6291457],"查询是直接以一种类似于":[6291457]}