{"是按照洋葱架构来组织代码":[4456449],"是通过":[720897,6029313],"是一个面向企业级开发的插件化快速开发框架":[1835009],"是一个轻量级对象":[1507329],"是属性的代码区域":[4390913],"是通过实体配置":[4325377],"是否打开代码段文件夹检查":[5570561],"是非常必要的":[3604481],"是否已经被使用":[5963777],"是一种常用的层次的":[1900545],"是否完全支持领域驱动设计":[1245186],"是临时的状态":[3866625],"是一个":[1835009],"是树节点的系统编号":[1900545],"是通过唯一的一个":[5963777],"是使用":[3997698],"是否刚创建":[5963777],"是以单例的形式存在的":[720897],"是非常重要的":[2228225],"是一种分页查询的实现模式":[3538945],"是因为":[6291457],"是最常用的一种主从关系":[5308417],"是按照领域驱动设计的思想来构建的":[1245185]}