{"同时生成仓库":[5177345],"同时也为了使开发者更简单地实现参数化的查询":[1966081],"同样可以使用":[1441793],"同时也会批量导入父实体下的所有子实体":[3997697],"同时也可以有多个角色":[3801089],"同时集领域驱动设计":[1835009,4915201],"同时两个子类":[3604482],"同时还需要在组合子实体类型中声明一个组合父引用属性":[2228225],"同时保证了开发的易用性":[4915201],"同时支持扩展":[3801089],"同时这些幽灵数据在仓库的所有查询中都将被自动过滤":[4849665],"同时生成对应的":[3014657],"同时会影响实体列表类":[4390913],"同时领域服务也是在":[3866625],"同时也支持批量更新":[3997697],"同时组合子类可以获取其对应的组合父类的引用":[5308417],"同时也是一个业务逻辑的独立封装体":[4456449],"同时也更方便开发者使用":[1966081],"同时拥有内存缓存和磁盘缓存的特点":[6356993]}