{"其实是对以该实体为根的整个组合实体树进行保存":[5963777],"其中日志的格式如下":[262145],"其中主要包含了":[5177345],"其它属性的详细声明方式参见本章下各小节":[5505025],"其中角色插件是底层插件":[3801089],"其它代码段":[2424834],"其中包含了一个名为":[5177345],"其它零散元数据":[3080193],"其实还可以直接编写":[6291457],"其中还包含了一个实体查询方法":[1441793],"其对应的子实体集合":[3604481],"其中的属性往往不满足应用工程":[6160385],"其中包含项目模板":[1835009,4915201],"其从产品插件中的":[5636097],"其它三个插件都依赖角色插件":[3801089],"其中包含四个类型":[4390913],"其中包含了仓库工厂的":[2097153],"其内部使用":[3997697],"其目标主要专注于":[1835009],"其他资源":[1900545,3080193,4849665,5177345,5505025],"其它数据库的支持也在研发中":[4915201]}