{"对此实体的任一属性进行修改时":[5963777],"对象的实例":[6356995],"对于客户端而言":[983041],"对于大批量的数据":[3997697],"对应的":[2621441],"对界面元数据的配置":[3080193],"对于实体查询而言":[6094849],"对于面向对象的实体设计来说":[3604481],"对应的属性变更事件也会同时发生":[6029313],"对另一插件":[5439489],"对主干版本的程序集进行扩展":[3145729],"对于界面插件":[6225921],"对基类进行统一的查询时较为方便":[3604481],"对于领域插件":[6225921],"对于仓库来说":[5963777],"对实体会有以下的影响":[4849665],"对应在数据库中执行":[5963777],"对于所有支持":[3538945],"对于查询出来的实体":[458753],"对于树型实体":[1900545],"对应唯一一个连接字符串配置名称":[2097153],"对象关系映射":[131073],"对领域实体元数据及":[3080193],"对于一般的系统而言":[2228225],"对所有幽灵数据进行自动过滤时":[6291457],"对服务的调用也很简单":[3866625],"对于这两个一对多关系":[5308417],"对于开发人最常写的属性代码":[2424833],"对于如果编写引用关系":[5308417],"对于基于":[6291457],"对应同一数据库的所有实体":[2097153],"对象来保存和读取文件的内容即可":[4128769],"对实体的属性进行条件对比时":[4521985]}