{"提高了开发效率":[3080193],"提示窗口":[5570561],"提供程序来保存文件的内容":[4128769],"提供了以下代码段":[2424833],"提供分布式数据传输的另一机制":[3866625],"提供的辅助开发的功能":[2424833],"提供了类型":[3342337],"提升了性能":[393217,5505025],"提供回调接口":[5505025],"提示成功":[5177345],"提示已经把数据存储到数据库中":[4063233],"提倡开发人员采用":[3407873],"提供了方便开发者使用的":[6291457],"提供了代码段":[393217],"提示编译成功":[5177345],"提高应用程序性能":[196609]}