{"需要把最后一行使用仓库保存实体列表":[3997697],"需要在编译领域实体所在的程序集时":[3014657],"需要执行添加操作":[5963777],"需要自己实现datapermissionconstraintbuilder类":[3801089],"需要开发者自己进行幽灵数据的过滤":[6291457],"需要在实体元数据配置中进行配置":[4849665],"需要通过":[6225921],"需要重写":[2097153],"需要手工创建好数据库和用户后":[5111809],"需要先设计领域模型的":[2818049],"需要使用手动":[3604481],"需要注册":[6225921],"需要同时指定它对应的引用":[3670017],"需要结合自己的应用程序的业务场景来选择":[6356993],"需要使用代码同步":[3604481],"需要给出不同的层次的扩展点":[4915201],"需要注意以下几点":[3407873],"需要在应用程序运行时生成周期开始时执行":[3407873],"需要根据领域而变化":[2228225],"需要更好的性能":[6291457],"需要保证数据库已经全部生成成功":[3014657],"需要注意的是":[2424833],"需要执行更新操作":[5963777],"需要更精确地控制":[6291457],"需要两个子类添加的新字段都是可以为空的":[3604481],"需要以管理员启动":[5570561],"需要设置":[3407873],"需要绑定具体的实体类型":[6291457],"需要安装":[1769473],"需要添加":[5111810],"需要到应用程序的配置文件中添加名为":[262145],"需要同时声明两个属性":[2228225],"需要声明出完整的冗余路径":[196609],"需要使用":[1376257,4521986,5111809,6291457],"需要标记":[4390913],"需要执行删除操作":[5963777],"需求变化时":[3407873],"需要手动修改":[3276801],"需要在客户化插件中定义新的":[1376257,5636097],"需要先使用":[3997697],"需要同时加载的所有关系属性":[851969]}