{"更新操作":[196609],"更重要的是支持渐近式更新数据库":[3407873],"更换属性获取逻辑":[1048577,3670017],"更新语句中才会更新该字段":[2621441],"更新实体时冗余属性不会自动更新":[3997697],"更多示例":[6291460],"更新数据都是使用":[3997697],"更换属性值获取逻辑":[1048577],"更方便开发人员编写面向自己应用的框架":[4915201],"更是另一特性多态的基础":[3604481],"更新或者读取数据时":[2621441],"更多的查询语法示例":[6291457],"更加注重实践":[4915201],"更加方便":[393217]}